mois;nb_visiteurs
10/2021;520
09/2021;1228
08/2021;1292
07/2021;1663
06/2021;1823
05/2021;1854
04/2021;1672
03/2021;1185
02/2021;860
01/2021;1455
12/2020;1570
11/2020;2304
10/2020;3067
09/2020;2593
08/2020;2057
07/2020;2116
06/2020;1310
05/2020;523
04/2020;722
03/2020;1684
02/2020;1499
01/2020;1536
12/2019;1706
11/2019;2002
10/2019;2170
09/2019;1649
08/2019;1911
07/2019;3018
06/2019;2656
05/2019;2291
04/2019;2139
03/2019;2189
02/2019;1206
01/2019;1645
12/2018;2062
11/2018;1300
10/2018;1851
09/2018;1624
08/2018;1604
07/2018;1837
06/2018;2620
05/2018;4732
04/2018;5611
03/2018;4994
02/2018;2974
01/2018;3633
