mois;nb_visiteurs
10/2020;21
08/2020;14
07/2020;16
05/2019;111
09/2019;120
02/2020;34
01/2020;19
06/2019;95
08/2019;113
10/2019;89
07/2019;100
12/2018;65
11/2018;67
04/2019;107
05/2018;153
03/2019;89
10/2018;132
01/2019;50
04/2018;170
06/2018;161
09/2018;145
08/2018;173
07/2018;155
02/2018;89
10/2021;1
09/2021;8
08/2021;11
07/2021;7
06/2021;23
05/2021;26
03/2021;13
04/2021;23
01/2021;6
11/2020;12
12/2020;8
02/2021;4
03/2020;32
09/2020;14
12/2019;38
04/2020;1
05/2020;3
11/2019;60
06/2020;15
02/2019;36
03/2018;140
01/2018;82
